modelname,exptype,action,time
./Acmeair_3,defconc,start,1710348735.628648
./Acmeair_3,defconc,end,1710349337.2625222
./Acmeair_3,noconc,start,1710349597.718624
./Acmeair_3,noconc,end,1710350199.564
./Acmeair_3,wlessconc,start,1710350457.5816698
./Acmeair_3,wlessend,end,1710351058.5620868
./Acmeair_2,defconc,start,1710352053.550838
./Acmeair_2,defconc,end,1710352655.738743
./Acmeair_2,noconc,start,1710352937.982756
./Acmeair_2,noconc,end,1710353539.820689
./Acmeair_2,wlessconc,start,1710353815.116252
./Acmeair_2,wlessend,end,1710354416.928794
./Acmeair_0,defconc,start,1710355422.245801
./Acmeair_0,defconc,end,1710356024.548296
./Acmeair_0,noconc,start,1710356301.755054
./Acmeair_0,noconc,end,1710356903.659756
./Acmeair_0,wlessconc,start,1710357174.68599
./Acmeair_0,wlessend,end,1710357776.624648
./Acmeair_1,defconc,start,1710358710.284541
./Acmeair_1,defconc,end,1710359312.5337222
./Acmeair_1,noconc,start,1710359598.383109
./Acmeair_1,noconc,end,1710360200.3146088
./Acmeair_1,wlessconc,start,1710360469.3422348
./Acmeair_1,wlessend,end,1710361071.221298
./Acmeair_5,defconc,start,1710361990.430305
./Acmeair_5,defconc,end,1710362591.637941
./Acmeair_5,noconc,start,1710362866.9311051
./Acmeair_5,noconc,end,1710363468.835859
./Acmeair_5,wlessconc,start,1710363749.851892
./Acmeair_5,wlessend,end,1710364351.852562
./Acmeair_4,defconc,start,1710365298.94073
./Acmeair_4,defconc,end,1710365900.107112
./Acmeair_4,noconc,start,1710366182.131388
./Acmeair_4,noconc,end,1710366784.333229
./Acmeair_4,wlessconc,start,1710367059.915711
./Acmeair_4,wlessend,end,1710367661.032656
./Acmeair_6,defconc,start,1710368667.9755929
./Acmeair_6,defconc,end,1710369270.021902
./Acmeair_6,noconc,start,1710369552.432082
./Acmeair_6,noconc,end,1710370154.175155
./Acmeair_6,wlessconc,start,1710370433.746594
./Acmeair_6,wlessend,end,1710371035.5461602
./Acmeair_7,defconc,start,1710372018.51344
./Acmeair_7,defconc,end,1710372620.53656
./Acmeair_7,noconc,start,1710372900.459152
./Acmeair_7,noconc,end,1710373502.282264
./Acmeair_7,wlessconc,start,1710373769.463992
./Acmeair_7,wlessend,end,1710374371.461581
./Acmeair_10,defconc,start,1710375342.810389
./Acmeair_10,defconc,end,1710375944.7571552
./Acmeair_10,noconc,start,1710376216.703875
./Acmeair_10,noconc,end,1710376818.547502
./Acmeair_10,wlessconc,start,1710377091.343947
./Acmeair_10,wlessend,end,1710377693.204978
./Acmeair_11,defconc,start,1710378631.7881138
./Acmeair_11,defconc,end,1710379233.138794
./Acmeair_11,noconc,start,1710379506.273373
./Acmeair_11,noconc,end,1710380107.312188
./Acmeair_11,wlessconc,start,1710380390.9976509
./Acmeair_11,wlessend,end,1710380993.241174
./Acmeair_13,defconc,start,1710381952.465993
./Acmeair_13,defconc,end,1710382553.967922
./Acmeair_13,noconc,start,1710382835.450598
./Acmeair_13,noconc,end,1710383436.70694
./Acmeair_13,wlessconc,start,1710383705.700483
./Acmeair_13,wlessend,end,1710384307.688898
./Acmeair_12,defconc,start,1710385213.5293078
./Acmeair_12,defconc,end,1710385815.039829
./Acmeair_12,noconc,start,1710386083.96434
./Acmeair_12,noconc,end,1710386685.918702
./Acmeair_12,wlessconc,start,1710386957.134121
./Acmeair_12,wlessend,end,1710387558.288864
./Acmeair_16,defconc,start,1710388476.681512
./Acmeair_16,defconc,end,1710389078.261287
./Acmeair_16,noconc,start,1710389341.667851
./Acmeair_16,noconc,end,1710389942.9609149
./Acmeair_16,wlessconc,start,1710390205.360167
./Acmeair_16,wlessend,end,1710390806.891613
./Acmeair_17,defconc,start,1710391824.476587
./Acmeair_17,defconc,end,1710392426.000392
./Acmeair_17,noconc,start,1710392697.826025
./Acmeair_17,noconc,end,1710393298.967524
./Acmeair_17,wlessconc,start,1710393607.891281
./Acmeair_17,wlessend,end,1710394209.937335
./Acmeair_29,defconc,start,1710395177.2533948
./Acmeair_29,defconc,end,1710395779.5172968
./Acmeair_29,noconc,start,1710396043.469696
./Acmeair_29,noconc,end,1710396645.622045
./Acmeair_29,wlessconc,start,1710396915.5660212
./Acmeair_29,wlessend,end,1710397516.686199
./Acmeair_15,defconc,start,1710398442.268214
./Acmeair_15,defconc,end,1710399044.2868
./Acmeair_15,noconc,start,1710399308.489072
./Acmeair_15,noconc,end,1710399910.421248
./Acmeair_15,wlessconc,start,1710400189.0979662
./Acmeair_15,wlessend,end,1710400791.219039
./Acmeair_14,defconc,start,1710401765.6845472
./Acmeair_14,defconc,end,1710402367.06479
./Acmeair_14,noconc,start,1710402634.055317
./Acmeair_14,noconc,end,1710403236.020061
./Acmeair_14,wlessconc,start,1710403529.957076
./Acmeair_14,wlessend,end,1710404131.925588
./Acmeair_28,defconc,start,1710405072.61103
./Acmeair_28,defconc,end,1710405673.9744089
./Acmeair_28,noconc,start,1710405955.165257
./Acmeair_28,noconc,end,1710406557.394256
./Acmeair_28,wlessconc,start,1710406836.203257
./Acmeair_28,wlessend,end,1710407437.6258318
./Acmeair_25,defconc,start,1710408409.903578
./Acmeair_25,defconc,end,1710409012.009401
./Acmeair_25,noconc,start,1710409277.9684522
./Acmeair_25,noconc,end,1710409880.104802
./Acmeair_25,wlessconc,start,1710410148.2165918
./Acmeair_25,wlessend,end,1710410750.261759
./Acmeair_19,defconc,start,1710411747.854761
./Acmeair_19,defconc,end,1710412350.252497
./Acmeair_19,noconc,start,1710412611.175254
./Acmeair_19,noconc,end,1710413213.306116
./Acmeair_19,wlessconc,start,1710413483.062867
./Acmeair_19,wlessend,end,1710414085.300969
./Acmeair_18,defconc,start,1710415087.337302
./Acmeair_18,defconc,end,1710415689.461314
./Acmeair_18,noconc,start,1710415964.358569
./Acmeair_18,noconc,end,1710416566.165173
./Acmeair_18,wlessconc,start,1710416837.036166
./Acmeair_18,wlessend,end,1710417438.9568489
./Acmeair_24,defconc,start,1710424263.006999
./Acmeair_24,defconc,end,1710424865.313874
./Acmeair_24,noconc,start,1710425130.0385642
./Acmeair_24,noconc,end,1710425732.191384
./Acmeair_24,wlessconc,start,1710426006.8431811
./Acmeair_24,wlessend,end,1710426608.872416
./Acmeair_26,defconc,start,1710427585.997538
./Acmeair_26,defconc,end,1710428187.680563
./Acmeair_26,noconc,start,1710428471.8958342
./Acmeair_26,noconc,end,1710429073.537737
./Acmeair_26,wlessconc,start,1710429342.425867
./Acmeair_26,wlessend,end,1710429943.999642
./Acmeair_27,defconc,start,1710430956.241193
./Acmeair_27,defconc,end,1710431557.492429
./Acmeair_27,noconc,start,1710431840.3880289
./Acmeair_27,noconc,end,1710432442.506607
./Acmeair_27,wlessconc,start,1710432706.805768
./Acmeair_27,wlessend,end,1710433308.073001
./Acmeair_23,defconc,start,1710434308.179716
./Acmeair_23,defconc,end,1710434910.464223
./Acmeair_23,noconc,start,1710435183.772425
./Acmeair_23,noconc,end,1710435785.879702
./Acmeair_23,wlessconc,start,1710436046.173326
./Acmeair_23,wlessend,end,1710436648.39326
./Acmeair_22,defconc,start,1710437647.148596
./Acmeair_22,defconc,end,1710438249.1896052
./Acmeair_22,noconc,start,1710438525.4261298
./Acmeair_22,noconc,end,1710439127.310679
./Acmeair_22,wlessconc,start,1710439393.530543
./Acmeair_22,wlessend,end,1710439995.481668
./Acmeair_20,defconc,start,1710441002.100492
./Acmeair_20,defconc,end,1710441604.188212
./Acmeair_20,noconc,start,1710441867.243943
./Acmeair_20,noconc,end,1710442469.548073
./Acmeair_20,wlessconc,start,1710442738.638434
./Acmeair_20,wlessend,end,1710443340.7768152
./Acmeair_21,defconc,start,1710444308.846539
./Acmeair_21,defconc,end,1710444911.10702
./Acmeair_21,noconc,start,1710445176.041166
./Acmeair_21,noconc,end,1710445777.173513
./Acmeair_21,wlessconc,start,1710446051.682902
./Acmeair_21,wlessend,end,1710446653.601145
./Acmeair_9,defconc,start,1710447633.663789
./Acmeair_9,defconc,end,1710448234.651718
./Acmeair_9,noconc,start,1710448501.311112
./Acmeair_9,noconc,end,1710449103.258831
./Acmeair_9,wlessconc,start,1710449367.341644
./Acmeair_9,wlessend,end,1710449968.5833228
./Acmeair_8,defconc,start,1710450942.082217
./Acmeair_8,defconc,end,1710451543.835537
./Acmeair_8,noconc,start,1710451808.0716128
./Acmeair_8,noconc,end,1710452409.5698318
./Acmeair_8,wlessconc,start,1710452668.259742
./Acmeair_8,wlessend,end,1710453269.720734
./Acmeair_0,propackconc,start,1726757712.067353
./Acmeair_0,propackconc,end,1726758317.4336581
